cut;comuna;region;n_region;provincia;lat;lon
01101;Iquique;Tarapacá;2;Iquique;-20.461762;-70.129930
01107;Alto Hospicio;Tarapacá;2;Iquique;-20.273272;-70.093505
01401;Pozo Almonte;Tarapacá;2;Tamarugal;-20.220637;-69.554055
01402;Camiña;Tarapacá;2;Tamarugal;-19.312742;-69.427210
01403;Colchane;Tarapacá;2;Tamarugal;-19.276383;-68.637933
01404;Huara;Tarapacá;2;Tamarugal;-19.795965;-69.989401
01405;Pica;Tarapacá;2;Tamarugal;-20.353151;-68.877888
02101;Antofagasta;Antofagasta;3;Antofagasta;-23.699520;-70.178068
02102;Mejillones;Antofagasta;3;Antofagasta;-23.010309;-70.369377
02103;Sierra Gorda;Antofagasta;3;Antofagasta;-23.111431;-69.580088
02104;Taltal;Antofagasta;3;Antofagasta;-25.409073;-70.229464
02201;Calama;Antofagasta;3;El Loa;-22.302436;-68.522297
02202;Ollagüe;Antofagasta;3;El Loa;-21.474349;-68.263648
02203;San Pedro de Atacama;Antofagasta;3;El Loa;-23.104835;-67.926470
02301;Tocopilla;Antofagasta;3;Tocopilla;-22.092971;-70.200411
02302;María Elena;Antofagasta;3;Tocopilla;-21.986173;-69.604603
03101;Copiapó;Atacama;4;Copiapó;-27.314896;-70.089728
03102;Caldera;Atacama;4;Copiapó;-27.069609;-70.820412
03103;Tierra Amarilla;Atacama;4;Copiapó;-27.650289;-70.187151
03201;Chañaral;Atacama;4;Chañaral;-26.384707;-70.469357
03202;Diego de Almagro;Atacama;4;Chañaral;-26.463683;-69.860178
03301;Vallenar;Atacama;4;Huasco;-28.670710;-70.797369
03302;Alto del Carmen;Atacama;4;Huasco;-28.884689;-70.345174
03303;Freirina;Atacama;4;Huasco;-28.508562;-71.078733
03304;Huasco;Atacama;4;Huasco;-28.462709;-71.224966
04101;La Serena;Coquimbo;5;Elqui;-29.900980;-71.251823
04102;Coquimbo;Coquimbo;5;Elqui;-30.046166;-71.363767
04103;Andacollo;Coquimbo;5;Elqui;-30.233414;-71.081948
04104;La Higuera;Coquimbo;5;Elqui;-29.510620;-71.200341
04105;Paiguano;Coquimbo;5;Elqui;-30.076321;-70.505276
04106;Vicuña;Coquimbo;5;Elqui;-29.997207;-70.585607
04201;Illapel;Coquimbo;5;Choapa;-31.633153;-71.167590
04202;Canela;Coquimbo;5;Choapa;-31.550436;-71.489338
04203;Los Vilos;Coquimbo;5;Choapa;-32.027918;-71.518349
04204;Salamanca;Coquimbo;5;Choapa;-31.841500;-70.870134
04301;Ovalle;Coquimbo;5;Limarí;-30.587474;-71.366827
04302;Combarbalá;Coquimbo;5;Limarí;-31.134745;-70.978442
04303;Monte Patria;Coquimbo;5;Limarí;-30.817697;-70.831822
04304;Punitaqui;Coquimbo;5;Limarí;-30.833185;-71.257742
04305;Río Hurtado;Coquimbo;5;Limarí;-30.336244;-70.770000
05101;Valparaíso;Valparaíso;6;Valparaíso;-33.062956;-71.606842
05102;Casablanca;Valparaíso;6;Valparaíso;-33.258419;-71.552692
05103;Concón;Valparaíso;6;Valparaíso;-32.922391;-71.512939
05104;Juan Fernández;Valparaíso;6;Valparaíso;-33.639218;-78.830510
05105;Puchuncaví;Valparaíso;6;Valparaíso;-32.706273;-71.452770
05107;Quintero;Valparaíso;6;Valparaíso;-32.787490;-71.528013
05109;Viña del Mar;Valparaíso;6;Valparaíso;-33.017750;-71.549123
05201;Isla de Pascua;Valparaíso;6;Isla de Pascua;-27.160774;-109.436996
05301;Los Andes;Valparaíso;6;Los Andes;-32.860929;-70.329239
05302;Calle Larga;Valparaíso;6;Los Andes;-32.855668;-70.626744
05303;Rinconada;Valparaíso;6;Los Andes;-32.832811;-70.688712
05304;San Esteban;Valparaíso;6;Los Andes;-32.799710;-70.580331
05401;La Ligua;Valparaíso;6;Petorca;-32.374885;-71.311514
05402;Cabildo;Valparaíso;6;Petorca;-32.387321;-70.925348
05403;Papudo;Valparaíso;6;Petorca;-32.471147;-71.382982
05404;Petorca;Valparaíso;6;Petorca;-32.237407;-70.886928
05405;Zapallar;Valparaíso;6;Petorca;-32.567055;-71.394532
05501;Quillota;Valparaíso;6;Quillota;-32.907849;-71.262108
05502;Calera;Valparaíso;6;Quillota;-32.784180;-71.190474
05503;Hijuelas;Valparaíso;6;Quillota;-32.801736;-71.149620
05504;La Cruz;Valparaíso;6;Quillota;-32.847344;-71.232483
05506;Nogales;Valparaíso;6;Quillota;-32.714979;-71.206506
05601;San Antonio;Valparaíso;6;San Antonio;-33.635447;-71.566109
05602;Algarrobo;Valparaíso;6;San Antonio;-33.365514;-71.669220
05603;Cartagena;Valparaíso;6;San Antonio;-33.547853;-71.597927
05604;El Quisco;Valparaíso;6;San Antonio;-33.397785;-71.694346
05605;El Tabo;Valparaíso;6;San Antonio;-33.475831;-71.640539
05606;Santo Domingo;Valparaíso;6;San Antonio;-33.633942;-71.610820
05701;San Felipe;Valparaíso;6;San Felipe de Aconcagua;-32.764836;-70.713830
05702;Catemu;Valparaíso;6;San Felipe de Aconcagua;-32.778901;-70.962051
05703;Llaillay;Valparaíso;6;San Felipe de Aconcagua;-32.847048;-70.948021
05704;Panquehue;Valparaíso;6;San Felipe de Aconcagua;-32.769539;-70.833897
05705;Putaendo;Valparaíso;6;San Felipe de Aconcagua;-32.599673;-70.694845
05706;Santa María;Valparaíso;6;San Felipe de Aconcagua;-32.748690;-70.657780
05801;Quilpué;Valparaíso;6;Marga Marga;-33.050765;-71.421819
05802;Limache;Valparaíso;6;Marga Marga;-32.986172;-71.278589
05803;Olmué;Valparaíso;6;Marga Marga;-32.998334;-71.187728
05804;Villa Alemana;Valparaíso;6;Marga Marga;-33.043330;-71.370980
06101;Rancagua;Libertador General Bernardo O'Higgins;8;Cachapoal;-34.167920;-70.732194
06102;Codegua;Libertador General Bernardo O'Higgins;8;Cachapoal;-34.039134;-70.668214
06103;Coinco;Libertador General Bernardo O'Higgins;8;Cachapoal;-34.287759;-70.987148
06104;Coltauco;Libertador General Bernardo O'Higgins;8;Cachapoal;-34.303334;-71.110555
06105;Doñihue;Libertador General Bernardo O'Higgins;8;Cachapoal;-34.205948;-70.931461
06106;Graneros;Libertador General Bernardo O'Higgins;8;Cachapoal;-34.069323;-70.723299
06107;Las Cabras;Libertador General Bernardo O'Higgins;8;Cachapoal;-34.231906;-71.384934
06108;Machalí;Libertador General Bernardo O'Higgins;8;Cachapoal;-34.207465;-70.540523
06109;Malloa;Libertador General Bernardo O'Higgins;8;Cachapoal;-34.454690;-70.920947
06110;Mostazal;Libertador General Bernardo O'Higgins;8;Cachapoal;-33.983752;-70.707906
06111;Olivar;Libertador General Bernardo O'Higgins;8;Cachapoal;-34.204799;-70.788815
06112;Peumo;Libertador General Bernardo O'Higgins;8;Cachapoal;-34.361402;-71.206350
06113;Pichidegua;Libertador General Bernardo O'Higgins;8;Cachapoal;-34.386854;-71.257844
06114;Quinta de Tilcoco;Libertador General Bernardo O'Higgins;8;Cachapoal;-34.354422;-70.990806
06115;Rengo;Libertador General Bernardo O'Higgins;8;Cachapoal;-34.397063;-70.822925
06116;Requínoa;Libertador General Bernardo O'Higgins;8;Cachapoal;-34.254956;-70.802250
06117;San Vicente;Libertador General Bernardo O'Higgins;8;Cachapoal;-34.426311;-71.052938
06201;Pichilemu;Libertador General Bernardo O'Higgins;8;Cardenal Caro;-34.388488;-72.002123
06202;La Estrella;Libertador General Bernardo O'Higgins;8;Cardenal Caro;-34.205005;-71.654148
06203;Litueche;Libertador General Bernardo O'Higgins;8;Cardenal Caro;-34.076622;-71.656759
06204;Marchihue;Libertador General Bernardo O'Higgins;8;Cardenal Caro;-34.398521;-71.618817
06205;Navidad;Libertador General Bernardo O'Higgins;8;Cardenal Caro;-33.947954;-71.783294
06206;Paredones;Libertador General Bernardo O'Higgins;8;Cardenal Caro;-34.709091;-71.868308
06301;San Fernando;Libertador General Bernardo O'Higgins;8;Colchagua;-34.655247;-70.860370
06302;Chépica;Libertador General Bernardo O'Higgins;8;Colchagua;-34.728519;-71.272987
06303;Chimbarongo;Libertador General Bernardo O'Higgins;8;Colchagua;-34.704899;-70.992979
06304;Lolol;Libertador General Bernardo O'Higgins;8;Colchagua;-34.728090;-71.647504
06305;Nancagua;Libertador General Bernardo O'Higgins;8;Colchagua;-34.649918;-71.206373
06306;Palmilla;Libertador General Bernardo O'Higgins;8;Colchagua;-34.522688;-71.375852
06307;Peralillo;Libertador General Bernardo O'Higgins;8;Colchagua;-34.465388;-71.512605
06308;Placilla;Libertador General Bernardo O'Higgins;8;Colchagua;-34.635906;-71.119819
06309;Pumanque;Libertador General Bernardo O'Higgins;8;Colchagua;-34.599463;-71.652971
06310;Santa Cruz;Libertador General Bernardo O'Higgins;8;Colchagua;-34.640928;-71.365071
07101;Talca;Maule;9;Talca;-35.431791;-71.649026
07102;Constitución;Maule;9;Talca;-35.331484;-72.325213
07103;Curepto;Maule;9;Talca;-35.152007;-71.897618
07104;Empedrado;Maule;9;Talca;-35.590852;-72.281092
07105;Maule;Maule;9;Talca;-35.517609;-71.675800
07106;Pelarco;Maule;9;Talca;-35.383324;-71.446237
07107;Pencahue;Maule;9;Talca;-35.374501;-71.813986
07108;Río Claro;Maule;9;Talca;-35.221207;-71.322941
07109;San Clemente;Maule;9;Talca;-35.648900;-71.178078
07110;San Rafael;Maule;9;Talca;-35.312093;-71.528089
07201;Cauquenes;Maule;9;Cauquenes;-35.990483;-72.253735
07202;Chanco;Maule;9;Cauquenes;-35.734458;-72.534407
07203;Pelluhue;Maule;9;Cauquenes;-35.828253;-72.603546
07301;Curicó;Maule;9;Curicó;-35.016762;-71.208041
07302;Hualañé;Maule;9;Curicó;-35.031969;-71.731525
07303;Licantén;Maule;9;Curicó;-34.960865;-72.082399
07304;Molina;Maule;9;Curicó;-35.181654;-71.212378
07305;Rauco;Maule;9;Curicó;-34.925170;-71.316639
07306;Romeral;Maule;9;Curicó;-34.966715;-71.039121
07307;Sagrada Familia;Maule;9;Curicó;-35.046172;-71.434195
07308;Teno;Maule;9;Curicó;-34.865458;-71.121900
07309;Vichuquén;Maule;9;Curicó;-34.831043;-72.036870
07401;Linares;Maule;9;Linares;-35.874844;-71.499851
07402;Colbún;Maule;9;Linares;-35.696526;-71.406262
07403;Longaví;Maule;9;Linares;-36.011177;-71.624733
07404;Parral;Maule;9;Linares;-36.222032;-71.652911
07405;Retiro;Maule;9;Linares;-36.003464;-71.801663
07406;San Javier;Maule;9;Linares;-35.624886;-71.893725
07407;Villa Alegre;Maule;9;Linares;-35.713685;-71.694434
07408;Yerbas Buenas;Maule;9;Linares;-35.682100;-71.507311
08101;Concepción;Biobío;11;Concepción;-36.817102;-73.058454
08102;Coronel;Biobío;11;Concepción;-37.017093;-73.228539
08103;Chiguayante;Biobío;11;Concepción;-36.939792;-73.027089
08104;Florida;Biobío;11;Concepción;-36.861021;-72.734589
08105;Hualqui;Biobío;11;Concepción;-37.063536;-72.936641
08106;Lota;Biobío;11;Concepción;-37.088620;-73.159820
08107;Penco;Biobío;11;Concepción;-36.726917;-72.984075
08108;San Pedro de la Paz;Biobío;11;Concepción;-36.842324;-73.113196
08109;Santa Juana;Biobío;11;Concepción;-37.176052;-72.939657
08110;Talcahuano;Biobío;11;Concepción;-36.731454;-73.105540
08111;Tomé;Biobío;11;Concepción;-36.598550;-72.895364
08112;Hualpén;Biobío;11;Concepción;-36.782818;-73.102073
08201;Lebu;Biobío;11;Arauco;-37.853880;-73.737288
08202;Arauco;Biobío;11;Arauco;-37.224044;-73.250748
08203;Cañete;Biobío;11;Arauco;-37.808934;-73.388565
08204;Contulmo;Biobío;11;Arauco;-38.006115;-73.228649
08205;Curanilahue;Biobío;11;Arauco;-37.472066;-73.348170
08206;Los Alamos;Biobío;11;Arauco;-37.646842;-73.423579
08207;Tirúa;Biobío;11;Arauco;-38.344567;-73.493087
08301;Los Angeles;Biobío;11;Biobío;-37.495854;-72.363281
08302;Antuco;Biobío;11;Biobío;-37.329162;-71.660147
08303;Cabrero;Biobío;11;Biobío;-37.104811;-72.411430
08304;Laja;Biobío;11;Biobío;-37.280696;-72.706262
08305;Mulchén;Biobío;11;Biobío;-37.716288;-72.239372
08306;Nacimiento;Biobío;11;Biobío;-37.500001;-72.666671
08307;Negrete;Biobío;11;Biobío;-37.576100;-72.529700
08308;Quilaco;Biobío;11;Biobío;-37.721541;-71.894568
08309;Quilleco;Biobío;11;Biobío;-37.436003;-71.997460
08310;San Rosendo;Biobío;11;Biobío;-37.263355;-72.722990
08311;Santa Bárbara;Biobío;11;Biobío;-37.610146;-71.963143
08312;Tucapel;Biobío;11;Biobío;-37.275056;-71.863387
08313;Yumbel;Biobío;11;Biobío;-37.111614;-72.613275
08314;Alto Biobío;Biobío;11;Biobío;-37.882419;-71.636363
09101;Temuco;La Araucanía;12;Cautín;-38.743558;-72.618324
09102;Carahue;La Araucanía;12;Cautín;-38.695827;-73.298619
09103;Cunco;La Araucanía;12;Cautín;-38.954315;-72.144812
09104;Curarrehue;La Araucanía;12;Cautín;-39.339366;-71.580920
09105;Freire;La Araucanía;12;Cautín;-38.934118;-72.543375
09106;Galvarino;La Araucanía;12;Cautín;-38.410902;-72.782939
09107;Gorbea;La Araucanía;12;Cautín;-39.162502;-72.669381
09108;Lautaro;La Araucanía;12;Cautín;-38.569383;-72.373459
09109;Loncoche;La Araucanía;12;Cautín;-39.358340;-72.582435
09110;Melipeuco;La Araucanía;12;Cautín;-38.855697;-71.700852
09111;Nueva Imperial;La Araucanía;12;Cautín;-38.742218;-72.952402
09112;Padre Las Casas;La Araucanía;12;Cautín;-38.758250;-72.592880
09113;Perquenco;La Araucanía;12;Cautín;-38.419818;-72.377359
09114;Pitrufquén;La Araucanía;12;Cautín;-39.005212;-72.799423
09115;Pucón;La Araucanía;12;Cautín;-39.277521;-71.977659
09116;Saavedra;La Araucanía;12;Cautín;-38.841817;-73.326741
09117;Teodoro Schmidt;La Araucanía;12;Cautín;-39.022962;-73.063647
09118;Toltén;La Araucanía;12;Cautín;-39.287385;-73.189499
09119;Vilcún;La Araucanía;12;Cautín;-38.673966;-72.213706
09120;Villarrica;La Araucanía;12;Cautín;-39.333770;-72.209069
09121;Cholchol;La Araucanía;12;Cautín;-38.600912;-72.845420
09201;Angol;La Araucanía;12;Malleco;-37.798390;-72.712919
09202;Collipulli;La Araucanía;12;Malleco;-37.904970;-72.413137
09203;Curacautín;La Araucanía;12;Malleco;-38.459881;-71.722059
09204;Ercilla;La Araucanía;12;Malleco;-38.100116;-72.347265
09205;Lonquimay;La Araucanía;12;Malleco;-38.545134;-71.304638
09206;Los Sauces;La Araucanía;12;Malleco;-37.981154;-72.835046
09207;Lumaco;La Araucanía;12;Malleco;-38.226155;-72.961371
09208;Purén;La Araucanía;12;Malleco;-38.033636;-73.070230
09209;Renaico;La Araucanía;12;Malleco;-37.702289;-72.601494
09210;Traiguén;La Araucanía;12;Malleco;-38.176642;-72.686470
09211;Victoria;La Araucanía;12;Malleco;-38.303362;-72.310083
10101;Puerto Montt;Los Lagos;14;Llanquihue;-41.459801;-72.953245
10102;Calbuco;Los Lagos;14;Llanquihue;-41.757065;-73.150765
10103;Cochamó;Los Lagos;14;Llanquihue;-41.683782;-72.096895
10104;Fresia;Los Lagos;14;Llanquihue;-41.137086;-73.438097
10105;Frutillar;Los Lagos;14;Llanquihue;-41.071021;-73.088791
10106;Los Muermos;Los Lagos;14;Llanquihue;-41.367975;-73.400686
10107;Llanquihue;Los Lagos;14;Llanquihue;-41.251242;-73.093841
10108;Maullín;Los Lagos;14;Llanquihue;-41.625028;-73.595879
10109;Puerto Varas;Los Lagos;14;Llanquihue;-41.251475;-72.709339
10201;Castro;Los Lagos;14;Chiloé;-42.482993;-73.765914
10202;Ancud;Los Lagos;14;Chiloé;-41.945458;-73.691537
10203;Chonchi;Los Lagos;14;Chiloé;-42.620738;-73.774233
10204;Curaco de Vélez;Los Lagos;14;Chiloé;-42.438966;-73.595420
10205;Dalcahue;Los Lagos;14;Chiloé;-42.378956;-73.652655
10206;Puqueldón;Los Lagos;14;Chiloé;-42.600146;-73.675581
10207;Queilén;Los Lagos;14;Chiloé;-42.891255;-73.475904
10208;Quellón;Los Lagos;14;Chiloé;-43.119962;-73.623338
10209;Quemchi;Los Lagos;14;Chiloé;-42.229104;-73.370761
10210;Quinchao;Los Lagos;14;Chiloé;-42.464891;-73.412329
10301;Osorno;Los Lagos;14;Osorno;-40.603922;-73.100122
10302;Puerto Octay;Los Lagos;14;Osorno;-40.972600;-72.745841
10303;Purranque;Los Lagos;14;Osorno;-40.930341;-73.224369
10304;Puyehue;Los Lagos;14;Osorno;-40.696949;-72.278637
10305;Río Negro;Los Lagos;14;Osorno;-40.808307;-73.278029
10306;San Juan de la Costa;Los Lagos;14;Osorno;-40.540457;-73.564556
10307;San Pablo;Los Lagos;14;Osorno;-40.382958;-73.146376
10401;Chaitén;Los Lagos;14;Palena;-42.696822;-72.761866
10402;Futaleufú;Los Lagos;14;Palena;-43.181519;-71.812494
10403;Hualaihué;Los Lagos;14;Palena;-42.086935;-72.526823
10404;Palena;Los Lagos;14;Palena;-43.631447;-71.741300
11101;Coihaique;Aysén del General Carlos Ibáñez del Campo;15;Coihaique;-45.571129;-71.870577
11102;Lago Verde;Aysén del General Carlos Ibáñez del Campo;15;Coihaique;-44.368719;-71.577615
11201;Aisén;Aysén del General Carlos Ibáñez del Campo;15;Aisén;-45.303264;-72.798021
11202;Cisnes;Aysén del General Carlos Ibáñez del Campo;15;Aisén;-44.200524;-72.648298
11203;Guaitecas;Aysén del General Carlos Ibáñez del Campo;15;Aisén;-43.896668;-73.748036
11301;Cochrane;Aysén del General Carlos Ibáñez del Campo;15;Capitán Prat;-47.218287;-72.272818
11302;O'Higgins;Aysén del General Carlos Ibáñez del Campo;15;Capitán Prat;-48.516443;-72.541435
11303;Tortel;Aysén del General Carlos Ibáñez del Campo;15;Capitán Prat;-47.800880;-73.536619
11401;Chile Chico;Aysén del General Carlos Ibáñez del Campo;15;General Carrera;-46.692445;-72.212571
11402;Río Ibáñez;Aysén del General Carlos Ibáñez del Campo;15;General Carrera;-46.461451;-72.306671
12101;Punta Arenas;Magallanes y de la Antártica Chilena;16;Magallanes;-53.152317;-70.920236
12102;Laguna Blanca;Magallanes y de la Antártica Chilena;16;Magallanes;-52.241468;-71.422262
12103;Río Verde;Magallanes y de la Antártica Chilena;16;Magallanes;-52.574700;-71.476100
12104;San Gregorio;Magallanes y de la Antártica Chilena;16;Magallanes;-52.120906;-69.821001
12201;Cabo de Hornos;Magallanes y de la Antártica Chilena;16;Antártica Chilena;-54.961494;-67.788423
12202;Antártica;Magallanes y de la Antártica Chilena;16;Antártica Chilena;-62.191700;-58.977200
12301;Porvenir;Magallanes y de la Antártica Chilena;16;Tierra del Fuego;-53.308651;-69.518383
12302;Primavera;Magallanes y de la Antártica Chilena;16;Tierra del Fuego;-52.734264;-69.298733
12303;Timaukel;Magallanes y de la Antártica Chilena;16;Tierra del Fuego;-54.049264;-68.802055
12401;Natales;Magallanes y de la Antártica Chilena;16;Última Esperanza;-51.038178;-72.898165
12402;Torres del Paine;Magallanes y de la Antártica Chilena;16;Última Esperanza;-51.006094;-72.629802
13101;Santiago;Metropolitana de Santiago;7;Santiago;-33.444974;-70.655584
13102;Cerrillos;Metropolitana de Santiago;7;Santiago;-33.492580;-70.700678
13103;Cerro Navia;Metropolitana de Santiago;7;Santiago;-33.422742;-70.742827
13104;Conchalí;Metropolitana de Santiago;7;Santiago;-33.380738;-70.669533
13105;El Bosque;Metropolitana de Santiago;7;Santiago;-33.558796;-70.677199
13106;Estación Central;Metropolitana de Santiago;7;Santiago;-33.457697;-70.700928
13107;Huechuraba;Metropolitana de Santiago;7;Santiago;-33.375120;-70.637370
13108;Independencia;Metropolitana de Santiago;7;Santiago;-33.415047;-70.664059
13109;La Cisterna;Metropolitana de Santiago;7;Santiago;-33.529856;-70.665815
13110;La Florida;Metropolitana de Santiago;7;Santiago;-33.537611;-70.582454
13111;La Granja;Metropolitana de Santiago;7;Santiago;-33.535650;-70.614930
13112;La Pintana;Metropolitana de Santiago;7;Santiago;-33.588855;-70.621106
13113;La Reina;Metropolitana de Santiago;7;Santiago;-33.441480;-70.544260
13114;Las Condes;Metropolitana de Santiago;7;Santiago;-33.399073;-70.545935
13115;Lo Barnechea;Metropolitana de Santiago;7;Santiago;-33.351857;-70.411760
13116;Lo Espejo;Metropolitana de Santiago;7;Santiago;-33.515865;-70.693043
13117;Lo Prado;Metropolitana de Santiago;7;Santiago;-33.442814;-70.715861
13118;Macul;Metropolitana de Santiago;7;Santiago;-33.490110;-70.608220
13119;Maipú;Metropolitana de Santiago;7;Santiago;-33.525520;-70.778429
13120;Ñuñoa;Metropolitana de Santiago;7;Santiago;-33.459173;-70.588413
13121;Pedro Aguirre Cerda;Metropolitana de Santiago;7;Santiago;-33.491452;-70.678607
13122;Peñalolén;Metropolitana de Santiago;7;Santiago;-33.488641;-70.563138
13123;Providencia;Metropolitana de Santiago;7;Santiago;-33.438187;-70.626556
13124;Pudahuel;Metropolitana de Santiago;7;Santiago;-33.438060;-70.757485
13125;Quilicura;Metropolitana de Santiago;7;Santiago;-33.365600;-70.747390
13126;Quinta Normal;Metropolitana de Santiago;7;Santiago;-33.430335;-70.701538
13127;Recoleta;Metropolitana de Santiago;7;Santiago;-33.410495;-70.641328
13128;Renca;Metropolitana de Santiago;7;Santiago;-33.401110;-70.726645
13129;San Joaquín;Metropolitana de Santiago;7;Santiago;-33.484480;-70.629880
13130;San Miguel;Metropolitana de Santiago;7;Santiago;-33.489710;-70.650890
13131;San Ramón;Metropolitana de Santiago;7;Santiago;-33.546011;-70.644815
13132;Vitacura;Metropolitana de Santiago;7;Santiago;-33.389410;-70.554490
13201;Puente Alto;Metropolitana de Santiago;7;Cordillera;-33.593703;-70.571823
13202;Pirque;Metropolitana de Santiago;7;Cordillera;-33.634360;-70.573120
13203;San José de Maipo;Metropolitana de Santiago;7;Cordillera;-33.709304;-70.296263
13301;Colina;Metropolitana de Santiago;7;Chacabuco;-33.204108;-70.675899
13302;Lampa;Metropolitana de Santiago;7;Chacabuco;-33.252026;-70.815039
13303;Tiltil;Metropolitana de Santiago;7;Chacabuco;-33.058698;-70.900691
13401;San Bernardo;Metropolitana de Santiago;7;Maipo;-33.595845;-70.697236
13402;Buin;Metropolitana de Santiago;7;Maipo;-33.746383;-70.746158
13403;Calera de Tango;Metropolitana de Santiago;7;Maipo;-33.630996;-70.758270
13404;Paine;Metropolitana de Santiago;7;Maipo;-33.853271;-70.753452
13501;Melipilla;Metropolitana de Santiago;7;Melipilla;-33.649919;-71.177808
13502;Alhué;Metropolitana de Santiago;7;Melipilla;-34.030837;-71.100529
13503;Curacaví;Metropolitana de Santiago;7;Melipilla;-33.403507;-71.154486
13504;María Pinto;Metropolitana de Santiago;7;Melipilla;-33.516060;-71.118920
13505;San Pedro;Metropolitana de Santiago;7;Melipilla;-33.935589;-71.462034
13601;Talagante;Metropolitana de Santiago;7;Talagante;-33.670651;-70.938787
13602;El Monte;Metropolitana de Santiago;7;Talagante;-33.688434;-71.021823
13603;Isla de Maipo;Metropolitana de Santiago;7;Talagante;-33.748587;-70.884298
13604;Padre Hurtado;Metropolitana de Santiago;7;Talagante;-33.566585;-70.805515
13605;Peñaflor;Metropolitana de Santiago;7;Talagante;-33.604890;-70.876040
14101;Valdivia;Los Ríos;13;Valdivia;-39.819126;-73.247116
14102;Corral;Los Ríos;13;Valdivia;-39.889087;-73.426399
14103;Lanco;Los Ríos;13;Valdivia;-39.498479;-72.637422
14104;Los Lagos;Los Ríos;13;Valdivia;-39.829043;-72.738458
14105;Máfil;Los Ríos;13;Valdivia;-39.666573;-72.948027
14106;Mariquina;Los Ríos;13;Valdivia;-39.485906;-73.087148
14107;Paillaco;Los Ríos;13;Valdivia;-40.068899;-72.866474
14108;Panguipulli;Los Ríos;13;Valdivia;-39.790143;-71.984764
14201;La Unión;Los Ríos;13;Ranco;-40.227043;-72.998064
14202;Futrono;Los Ríos;13;Ranco;-40.162900;-72.326265
14203;Lago Ranco;Los Ríos;13;Ranco;-40.321090;-72.344035
14204;Río Bueno;Los Ríos;13;Ranco;-40.438730;-72.707667
15101;Arica;Arica y Parinacota;1;Arica;-18.453119;-70.233257
15102;Camarones;Arica y Parinacota;1;Arica;-18.997133;-69.961755
15201;Putre;Arica y Parinacota;1;Parinacota;-18.344716;-69.286900
15202;General Lagos;Arica y Parinacota;1;Parinacota;-17.786426;-69.620608
16101;Chillán;Ñuble;10;Diguillín;-36.619276;-72.148540
16102;Chillán Viejo;Ñuble;10;Diguillín;-36.782297;-72.313259
16103;Quillón;Ñuble;10;Diguillín;-36.647041;-72.206671
16104;Bulnes;Ñuble;10;Diguillín;-36.896949;-72.021900
16105;San Ignacio;Ñuble;10;Diguillín;-36.977842;-72.091687
16106;El Carmen;Ñuble;10;Diguillín;-36.819592;-71.676816
16107;Pinto;Ñuble;10;Diguillín;-36.738760;-72.469134
16108;Pemuco;Ñuble;10;Diguillín;-36.817358;-72.032420
16109;Yungay;Ñuble;10;Diguillín;-37.123731;-72.099806
16201;Quirihue;Ñuble;10;Itata;-36.282172;-72.540076
16202;Cobquecura;Ñuble;10;Itata;-36.130699;-72.794507
16203;Ranquil;Ñuble;10;Itata;-36.485926;-72.750452
16204;Treguaco;Ñuble;10;Itata;-36.394387;-72.397113
16205;Coelemu;Ñuble;10;Itata;-36.527994;-72.427064
16206;Portezuelo;Ñuble;10;Itata;-36.606016;-72.534440
16207;Ninhue;Ñuble;10;Itata;-36.430609;-72.667724
16301;San Carlos;Ñuble;10;Punilla;-36.452221;-71.914710
16302;Ñiquén;Ñuble;10;Punilla;-36.633058;-71.813323
16303;Coihueco;Ñuble;10;Punilla;-36.286423;-71.856087
16304;San Fabián;Ñuble;10;Punilla;-36.651835;-71.403681
16305;San Nicolás;Ñuble;10;Punilla;-36.522195;-72.151030
