cut;comuna;crs;origen;confianza;fuente;nota
01101;Iquique;iquique;explicita;alta;gendarmeria.gob.cl/horarios1.html;
01107;Alto Hospicio;alto-hospicio;explicita;alta;gendarmeria.gob.cl/horarios1.html;
01401;Pozo Almonte;alto-hospicio;explicita;alta;gendarmeria.gob.cl/horarios1.html;
01402;Camiña;alto-hospicio;explicita;alta;gendarmeria.gob.cl/horarios1.html;
01403;Colchane;alto-hospicio;explicita;alta;gendarmeria.gob.cl/horarios1.html;
01404;Huara;alto-hospicio;explicita;alta;gendarmeria.gob.cl/horarios1.html;
01405;Pica;alto-hospicio;explicita;alta;gendarmeria.gob.cl/horarios1.html;
02101;Antofagasta;antofagasta;explicita;alta;gendarmeria.gob.cl/horarios1.html;
02102;Mejillones;antofagasta;explicita;alta;gendarmeria.gob.cl/horarios1.html;
02103;Sierra Gorda;antofagasta;explicita;alta;gendarmeria.gob.cl/horarios1.html;
02104;Taltal;antofagasta;explicita;alta;gendarmeria.gob.cl/horarios1.html;
02201;Calama;calama;explicita;alta;gendarmeria.gob.cl/horarios1.html;
02202;Ollagüe;calama;explicita;alta;gendarmeria.gob.cl/horarios1.html;
02203;San Pedro de Atacama;calama;explicita;alta;gendarmeria.gob.cl/horarios1.html;
02301;Tocopilla;antofagasta;explicita;alta;gendarmeria.gob.cl/horarios1.html;
02302;María Elena;antofagasta;explicita;alta;gendarmeria.gob.cl/horarios1.html;
03101;Copiapó;copiapo;explicita;alta;gendarmeria.gob.cl/horarios1.html;
03102;Caldera;copiapo;explicita;alta;gendarmeria.gob.cl/horarios1.html;
03103;Tierra Amarilla;copiapo;explicita;alta;gendarmeria.gob.cl/horarios1.html;
03201;Chañaral;copiapo;explicita;alta;gendarmeria.gob.cl/horarios1.html;
03202;Diego de Almagro;copiapo;inferida;media;deduccion por provincia;
03301;Vallenar;vallenar;explicita;alta;gendarmeria.gob.cl/horarios1.html;
03302;Alto del Carmen;vallenar;explicita;alta;gendarmeria.gob.cl/horarios1.html;
03303;Freirina;vallenar;explicita;alta;gendarmeria.gob.cl/horarios1.html;
03304;Huasco;vallenar;explicita;alta;gendarmeria.gob.cl/horarios1.html;
04101;La Serena;la-serena;explicita;alta;gendarmeria.gob.cl/horarios1.html;
04102;Coquimbo;la-serena;explicita;alta;gendarmeria.gob.cl/horarios1.html;
04103;Andacollo;la-serena;explicita;alta;gendarmeria.gob.cl/horarios1.html;
04104;La Higuera;la-serena;explicita;alta;gendarmeria.gob.cl/horarios1.html;
04105;Paiguano;la-serena;explicita;alta;gendarmeria.gob.cl/horarios1.html;
04106;Vicuña;la-serena;explicita;alta;gendarmeria.gob.cl/horarios1.html;
04201;Illapel;illapel;explicita;alta;gendarmeria.gob.cl/horarios1.html;
04202;Canela;illapel;explicita;alta;gendarmeria.gob.cl/horarios1.html;
04203;Los Vilos;illapel;explicita;alta;gendarmeria.gob.cl/horarios1.html;
04204;Salamanca;illapel;explicita;alta;gendarmeria.gob.cl/horarios1.html;
04301;Ovalle;ovalle;explicita;alta;gendarmeria.gob.cl/horarios1.html;
04302;Combarbalá;ovalle;explicita;alta;gendarmeria.gob.cl/horarios1.html;
04303;Monte Patria;ovalle;explicita;alta;gendarmeria.gob.cl/horarios1.html;
04304;Punitaqui;ovalle;explicita;alta;gendarmeria.gob.cl/horarios1.html;
04305;Río Hurtado;ovalle;explicita;alta;gendarmeria.gob.cl/horarios1.html;
05101;Valparaíso;valparaiso;explicita;alta;gendarmeria.gob.cl/horarios1.html;
05102;Casablanca;valparaiso;explicita;alta;gendarmeria.gob.cl/horarios1.html;
05103;Concón;valparaiso;explicita;alta;gendarmeria.gob.cl/horarios1.html;
05104;Juan Fernández;valparaiso;inferida;media;deduccion por provincia;
05105;Puchuncaví;valparaiso;explicita;alta;gendarmeria.gob.cl/horarios1.html;
05107;Quintero;valparaiso;explicita;alta;gendarmeria.gob.cl/horarios1.html;
05109;Viña del Mar;valparaiso;explicita;alta;gendarmeria.gob.cl/horarios1.html;
05201;Isla de Pascua;valparaiso;inferida;media;deduccion por provincia;
05301;Los Andes;los-andes;explicita;alta;gendarmeria.gob.cl/horarios1.html;
05302;Calle Larga;los-andes;explicita;alta;gendarmeria.gob.cl/horarios1.html;
05303;Rinconada;los-andes;explicita;alta;gendarmeria.gob.cl/horarios1.html;
05304;San Esteban;los-andes;explicita;alta;gendarmeria.gob.cl/horarios1.html;
05401;La Ligua;quillota;explicita;alta;gendarmeria.gob.cl/horarios1.html;
05402;Cabildo;quillota;explicita;alta;gendarmeria.gob.cl/horarios1.html;
05403;Papudo;quillota;explicita;media;gendarmeria.gob.cl/horarios1.html;
05404;Petorca;quillota;explicita;alta;gendarmeria.gob.cl/horarios1.html;
05405;Zapallar;quillota;explicita;media;gendarmeria.gob.cl/horarios1.html;
05501;Quillota;quillota;explicita;alta;gendarmeria.gob.cl/horarios1.html;
05502;Calera;quillota;explicita;alta;gendarmeria.gob.cl/horarios1.html;
05503;Hijuelas;quillota;explicita;alta;gendarmeria.gob.cl/horarios1.html;
05504;La Cruz;quillota;explicita;alta;gendarmeria.gob.cl/horarios1.html;
05506;Nogales;quillota;explicita;alta;gendarmeria.gob.cl/horarios1.html;
05601;San Antonio;san-antonio;explicita;alta;gendarmeria.gob.cl/horarios1.html;
05602;Algarrobo;san-antonio;explicita;alta;gendarmeria.gob.cl/horarios1.html;
05603;Cartagena;san-antonio;explicita;alta;gendarmeria.gob.cl/horarios1.html;
05604;El Quisco;san-antonio;explicita;alta;gendarmeria.gob.cl/horarios1.html;
05605;El Tabo;san-antonio;explicita;alta;gendarmeria.gob.cl/horarios1.html;
05606;Santo Domingo;san-antonio;explicita;alta;gendarmeria.gob.cl/horarios1.html;
05701;San Felipe;los-andes;explicita;alta;gendarmeria.gob.cl/horarios1.html;
05702;Catemu;los-andes;explicita;alta;gendarmeria.gob.cl/horarios1.html;
05703;Llaillay;los-andes;explicita;alta;gendarmeria.gob.cl/horarios1.html;
05704;Panquehue;los-andes;inferida;media;deduccion por provincia;
05705;Putaendo;los-andes;explicita;alta;gendarmeria.gob.cl/horarios1.html;
05706;Santa María;los-andes;explicita;alta;gendarmeria.gob.cl/horarios1.html;
05801;Quilpué;quilpue;explicita;alta;gendarmeria.gob.cl/horarios1.html;
05802;Limache;quilpue;explicita;alta;gendarmeria.gob.cl/horarios1.html;
05803;Olmué;quilpue;explicita;alta;gendarmeria.gob.cl/horarios1.html;
05804;Villa Alemana;quilpue;explicita;alta;gendarmeria.gob.cl/horarios1.html;
06101;Rancagua;rancagua;explicita;alta;gendarmeria.gob.cl/horarios1.html;
06102;Codegua;rancagua;inferida;media;deduccion por provincia;
06103;Coinco;rancagua;explicita;alta;gendarmeria.gob.cl/horarios1.html;
06104;Coltauco;rancagua;explicita;alta;gendarmeria.gob.cl/horarios1.html;
06105;Doñihue;rancagua;explicita;alta;gendarmeria.gob.cl/horarios1.html;
06106;Graneros;rancagua;inferida;media;deduccion por provincia;
06107;Las Cabras;rancagua;explicita;alta;gendarmeria.gob.cl/horarios1.html;
06108;Machalí;rancagua;inferida;media;deduccion por provincia;
06109;Malloa;rancagua;explicita;alta;gendarmeria.gob.cl/horarios1.html;
06110;Mostazal;rancagua;inferida;media;deduccion por provincia;
06111;Olivar;rancagua;inferida;media;deduccion por provincia;
06112;Peumo;rancagua;explicita;alta;gendarmeria.gob.cl/horarios1.html;
06113;Pichidegua;rancagua;explicita;alta;gendarmeria.gob.cl/horarios1.html;
06114;Quinta de Tilcoco;rancagua;explicita;alta;gendarmeria.gob.cl/horarios1.html;
06115;Rengo;rancagua;explicita;alta;gendarmeria.gob.cl/horarios1.html;
06116;Requínoa;rancagua;explicita;alta;gendarmeria.gob.cl/horarios1.html;
06117;San Vicente;rancagua;explicita;alta;gendarmeria.gob.cl/horarios1.html;
06201;Pichilemu;san-fernando;explicita;alta;gendarmeria.gob.cl/horarios1.html;
06202;La Estrella;san-fernando;explicita;alta;gendarmeria.gob.cl/horarios1.html;
06203;Litueche;san-fernando;explicita;alta;gendarmeria.gob.cl/horarios1.html;
06204;Marchihue;san-fernando;explicita;alta;gendarmeria.gob.cl/horarios1.html;
06205;Navidad;san-fernando;explicita;alta;gendarmeria.gob.cl/horarios1.html;
06206;Paredones;san-fernando;explicita;alta;gendarmeria.gob.cl/horarios1.html;
06301;San Fernando;san-fernando;explicita;alta;gendarmeria.gob.cl/horarios1.html;
06302;Chépica;san-fernando;explicita;alta;gendarmeria.gob.cl/horarios1.html;
06303;Chimbarongo;san-fernando;explicita;alta;gendarmeria.gob.cl/horarios1.html;
06304;Lolol;san-fernando;explicita;alta;gendarmeria.gob.cl/horarios1.html;
06305;Nancagua;san-fernando;explicita;alta;gendarmeria.gob.cl/horarios1.html;
06306;Palmilla;san-fernando;explicita;alta;gendarmeria.gob.cl/horarios1.html;
06307;Peralillo;san-fernando;explicita;alta;gendarmeria.gob.cl/horarios1.html;
06308;Placilla;san-fernando;explicita;alta;gendarmeria.gob.cl/horarios1.html;
06309;Pumanque;san-fernando;explicita;alta;gendarmeria.gob.cl/horarios1.html;
06310;Santa Cruz;san-fernando;explicita;alta;gendarmeria.gob.cl/horarios1.html;
07101;Talca;talca;explicita;alta;gendarmeria.gob.cl/horarios1.html;
07102;Constitución;talca;explicita;alta;gendarmeria.gob.cl/horarios1.html;
07103;Curepto;talca;explicita;alta;gendarmeria.gob.cl/horarios1.html;
07104;Empedrado;talca;explicita;alta;gendarmeria.gob.cl/horarios1.html;
07105;Maule;talca;explicita;alta;gendarmeria.gob.cl/horarios1.html;
07106;Pelarco;talca;explicita;alta;gendarmeria.gob.cl/horarios1.html;
07107;Pencahue;talca;explicita;alta;gendarmeria.gob.cl/horarios1.html;
07108;Río Claro;talca;explicita;alta;gendarmeria.gob.cl/horarios1.html;
07109;San Clemente;talca;explicita;alta;gendarmeria.gob.cl/horarios1.html;
07110;San Rafael;talca;explicita;alta;gendarmeria.gob.cl/horarios1.html;
07201;Cauquenes;cauquenes;explicita;alta;gendarmeria.gob.cl/horarios1.html;
07202;Chanco;cauquenes;explicita;alta;gendarmeria.gob.cl/horarios1.html;
07203;Pelluhue;cauquenes;explicita;alta;gendarmeria.gob.cl/horarios1.html;
07301;Curicó;curico;explicita;alta;gendarmeria.gob.cl/horarios1.html;
07302;Hualañé;curico;explicita;alta;gendarmeria.gob.cl/horarios1.html;
07303;Licantén;curico;explicita;alta;gendarmeria.gob.cl/horarios1.html;
07304;Molina;curico;explicita;alta;gendarmeria.gob.cl/horarios1.html;
07305;Rauco;curico;explicita;alta;gendarmeria.gob.cl/horarios1.html;
07306;Romeral;curico;explicita;alta;gendarmeria.gob.cl/horarios1.html;
07307;Sagrada Familia;curico;explicita;alta;gendarmeria.gob.cl/horarios1.html;
07308;Teno;curico;explicita;alta;gendarmeria.gob.cl/horarios1.html;
07309;Vichuquén;curico;explicita;alta;gendarmeria.gob.cl/horarios1.html;
07401;Linares;linares;explicita;alta;gendarmeria.gob.cl/horarios1.html;
07402;Colbún;linares;explicita;alta;gendarmeria.gob.cl/horarios1.html;
07403;Longaví;linares;explicita;alta;gendarmeria.gob.cl/horarios1.html;
07404;Parral;linares;explicita;alta;gendarmeria.gob.cl/horarios1.html;
07405;Retiro;linares;explicita;alta;gendarmeria.gob.cl/horarios1.html;
07406;San Javier;linares;explicita;alta;gendarmeria.gob.cl/horarios1.html;
07407;Villa Alegre;linares;explicita;alta;gendarmeria.gob.cl/horarios1.html;
07408;Yerbas Buenas;linares;explicita;alta;gendarmeria.gob.cl/horarios1.html;
08101;Concepción;concepcion;explicita;alta;gendarmeria.gob.cl/horarios1.html;
08102;Coronel;coronel;explicita;alta;gendarmeria.gob.cl/horarios1.html;
08103;Chiguayante;concepcion;explicita;alta;gendarmeria.gob.cl/horarios1.html;
08104;Florida;concepcion;inferida;media;deduccion por provincia;
08105;Hualqui;concepcion;inferida;media;deduccion por provincia;
08106;Lota;coronel;explicita;alta;gendarmeria.gob.cl/horarios1.html;
08107;Penco;concepcion;explicita;alta;gendarmeria.gob.cl/horarios1.html;
08108;San Pedro de la Paz;concepcion;explicita;alta;gendarmeria.gob.cl/horarios1.html;
08109;Santa Juana;coronel;explicita;alta;gendarmeria.gob.cl/horarios1.html;
08110;Talcahuano;concepcion;inferida;media;deduccion por provincia;
08111;Tomé;concepcion;explicita;alta;gendarmeria.gob.cl/horarios1.html;
08112;Hualpén;concepcion;explicita;alta;gendarmeria.gob.cl/horarios1.html;
08201;Lebu;canete;explicita;alta;gendarmeria.gob.cl/horarios1.html;
08202;Arauco;canete;explicita;media;gendarmeria.gob.cl/horarios1.html;
08203;Cañete;canete;explicita;alta;gendarmeria.gob.cl/horarios1.html;
08204;Contulmo;canete;explicita;alta;gendarmeria.gob.cl/horarios1.html;
08205;Curanilahue;canete;explicita;alta;gendarmeria.gob.cl/horarios1.html;
08206;Los Alamos;canete;explicita;alta;gendarmeria.gob.cl/horarios1.html;
08207;Tirúa;canete;inferida;media;deduccion por provincia;
08301;Los Angeles;los-angeles;explicita;alta;gendarmeria.gob.cl/horarios1.html;
08302;Antuco;los-angeles;explicita;alta;gendarmeria.gob.cl/horarios1.html;
08303;Cabrero;los-angeles;explicita;alta;gendarmeria.gob.cl/horarios1.html;
08304;Laja;los-angeles;explicita;alta;gendarmeria.gob.cl/horarios1.html;
08305;Mulchén;los-angeles;explicita;alta;gendarmeria.gob.cl/horarios1.html;
08306;Nacimiento;los-angeles;explicita;alta;gendarmeria.gob.cl/horarios1.html;
08307;Negrete;los-angeles;explicita;alta;gendarmeria.gob.cl/horarios1.html;
08308;Quilaco;los-angeles;explicita;alta;gendarmeria.gob.cl/horarios1.html;
08309;Quilleco;los-angeles;explicita;alta;gendarmeria.gob.cl/horarios1.html;
08310;San Rosendo;los-angeles;explicita;alta;gendarmeria.gob.cl/horarios1.html;
08311;Santa Bárbara;los-angeles;explicita;alta;gendarmeria.gob.cl/horarios1.html;
08312;Tucapel;los-angeles;explicita;alta;gendarmeria.gob.cl/horarios1.html;
08313;Yumbel;los-angeles;explicita;alta;gendarmeria.gob.cl/horarios1.html;
08314;Alto Biobío;los-angeles;explicita;alta;gendarmeria.gob.cl/horarios1.html;
09101;Temuco;temuco;explicita;alta;gendarmeria.gob.cl/horarios1.html;
09102;Carahue;temuco;explicita;alta;gendarmeria.gob.cl/horarios1.html;
09103;Cunco;temuco;explicita;alta;gendarmeria.gob.cl/horarios1.html;
09104;Curarrehue;villarrica;explicita;alta;gendarmeria.gob.cl/horarios1.html;
09105;Freire;temuco;explicita;alta;gendarmeria.gob.cl/horarios1.html;
09106;Galvarino;temuco;explicita;alta;gendarmeria.gob.cl/horarios1.html;
09107;Gorbea;temuco;explicita;alta;gendarmeria.gob.cl/horarios1.html;
09108;Lautaro;temuco;explicita;alta;gendarmeria.gob.cl/horarios1.html;
09109;Loncoche;villarrica;explicita;alta;gendarmeria.gob.cl/horarios1.html;
09110;Melipeuco;temuco;explicita;alta;gendarmeria.gob.cl/horarios1.html;
09111;Nueva Imperial;temuco;explicita;alta;gendarmeria.gob.cl/horarios1.html;
09112;Padre Las Casas;temuco;explicita;alta;gendarmeria.gob.cl/horarios1.html;
09113;Perquenco;temuco;explicita;alta;gendarmeria.gob.cl/horarios1.html;
09114;Pitrufquén;temuco;explicita;alta;gendarmeria.gob.cl/horarios1.html;
09115;Pucón;villarrica;explicita;alta;gendarmeria.gob.cl/horarios1.html;
09116;Saavedra;temuco;explicita;alta;gendarmeria.gob.cl/horarios1.html;
09117;Teodoro Schmidt;temuco;explicita;alta;gendarmeria.gob.cl/horarios1.html;
09118;Toltén;temuco;explicita;alta;gendarmeria.gob.cl/horarios1.html;
09119;Vilcún;temuco;explicita;alta;gendarmeria.gob.cl/horarios1.html;
09120;Villarrica;villarrica;explicita;alta;gendarmeria.gob.cl/horarios1.html;
09121;Cholchol;temuco;explicita;alta;gendarmeria.gob.cl/horarios1.html;
09201;Angol;angol;explicita;alta;gendarmeria.gob.cl/horarios1.html;
09202;Collipulli;angol;explicita;alta;gendarmeria.gob.cl/horarios1.html;
09203;Curacautín;angol;explicita;alta;gendarmeria.gob.cl/horarios1.html;
09204;Ercilla;angol;explicita;alta;gendarmeria.gob.cl/horarios1.html;
09205;Lonquimay;angol;explicita;alta;gendarmeria.gob.cl/horarios1.html;
09206;Los Sauces;angol;explicita;alta;gendarmeria.gob.cl/horarios1.html;
09207;Lumaco;angol;explicita;alta;gendarmeria.gob.cl/horarios1.html;
09208;Purén;angol;explicita;alta;gendarmeria.gob.cl/horarios1.html;
09209;Renaico;angol;explicita;alta;gendarmeria.gob.cl/horarios1.html;
09210;Traiguén;angol;explicita;alta;gendarmeria.gob.cl/horarios1.html;
09211;Victoria;angol;explicita;alta;gendarmeria.gob.cl/horarios1.html;
10101;Puerto Montt;puerto-montt;explicita;alta;gendarmeria.gob.cl/horarios1.html;
10102;Calbuco;puerto-montt;explicita;alta;gendarmeria.gob.cl/horarios1.html;
10103;Cochamó;puerto-montt;explicita;alta;gendarmeria.gob.cl/horarios1.html;
10104;Fresia;puerto-montt;explicita;alta;gendarmeria.gob.cl/horarios1.html;
10105;Frutillar;puerto-montt;explicita;alta;gendarmeria.gob.cl/horarios1.html;
10106;Los Muermos;puerto-montt;explicita;alta;gendarmeria.gob.cl/horarios1.html;
10107;Llanquihue;puerto-montt;explicita;alta;gendarmeria.gob.cl/horarios1.html;
10108;Maullín;puerto-montt;explicita;alta;gendarmeria.gob.cl/horarios1.html;
10109;Puerto Varas;puerto-montt;explicita;alta;gendarmeria.gob.cl/horarios1.html;
10201;Castro;castro;explicita;alta;gendarmeria.gob.cl/horarios1.html;
10202;Ancud;castro;explicita;alta;gendarmeria.gob.cl/horarios1.html;
10203;Chonchi;castro;explicita;alta;gendarmeria.gob.cl/horarios1.html;
10204;Curaco de Vélez;castro;explicita;alta;gendarmeria.gob.cl/horarios1.html;
10205;Dalcahue;castro;explicita;alta;gendarmeria.gob.cl/horarios1.html;
10206;Puqueldón;castro;explicita;alta;gendarmeria.gob.cl/horarios1.html;
10207;Queilén;castro;explicita;alta;gendarmeria.gob.cl/horarios1.html;
10208;Quellón;castro;explicita;alta;gendarmeria.gob.cl/horarios1.html;
10209;Quemchi;castro;explicita;alta;gendarmeria.gob.cl/horarios1.html;
10210;Quinchao;castro;explicita;alta;gendarmeria.gob.cl/horarios1.html;
10301;Osorno;osorno;explicita;alta;gendarmeria.gob.cl/horarios1.html;
10302;Puerto Octay;osorno;explicita;alta;gendarmeria.gob.cl/horarios1.html;
10303;Purranque;osorno;explicita;alta;gendarmeria.gob.cl/horarios1.html;
10304;Puyehue;osorno;explicita;alta;gendarmeria.gob.cl/horarios1.html;
10305;Río Negro;osorno;explicita;alta;gendarmeria.gob.cl/horarios1.html;
10306;San Juan de la Costa;osorno;explicita;alta;gendarmeria.gob.cl/horarios1.html;
10307;San Pablo;osorno;explicita;alta;gendarmeria.gob.cl/horarios1.html;
10401;Chaitén;castro;explicita;alta;gendarmeria.gob.cl/horarios1.html;
10402;Futaleufú;castro;inferida;media;deduccion por provincia;
10403;Hualaihué;puerto-montt;explicita;alta;gendarmeria.gob.cl/horarios1.html;
10404;Palena;castro;inferida;media;deduccion por provincia;
11101;Coihaique;coyhaique;explicita;alta;gendarmeria.gob.cl/horarios1.html;
11102;Lago Verde;coyhaique;explicita;alta;gendarmeria.gob.cl/horarios1.html;
11201;Aisén;coyhaique;explicita;alta;gendarmeria.gob.cl/horarios1.html;
11202;Cisnes;coyhaique;explicita;alta;gendarmeria.gob.cl/horarios1.html;
11203;Guaitecas;coyhaique;explicita;alta;gendarmeria.gob.cl/horarios1.html;
11301;Cochrane;coyhaique;explicita;alta;gendarmeria.gob.cl/horarios1.html;
11302;O'Higgins;coyhaique;explicita;alta;gendarmeria.gob.cl/horarios1.html;
11303;Tortel;coyhaique;explicita;alta;gendarmeria.gob.cl/horarios1.html;
11401;Chile Chico;coyhaique;explicita;alta;gendarmeria.gob.cl/horarios1.html;
11402;Río Ibáñez;coyhaique;explicita;alta;gendarmeria.gob.cl/horarios1.html;
12101;Punta Arenas;punta-arenas;explicita;alta;gendarmeria.gob.cl/horarios1.html;
12102;Laguna Blanca;punta-arenas;inferida;media;deduccion por provincia;
12103;Río Verde;punta-arenas;inferida;media;deduccion por provincia;
12104;San Gregorio;punta-arenas;inferida;media;deduccion por provincia;
12201;Cabo de Hornos;punta-arenas;explicita;alta;gendarmeria.gob.cl/horarios1.html;
12202;Antártica;punta-arenas;inferida;media;deduccion por provincia;
12301;Porvenir;punta-arenas;explicita;alta;gendarmeria.gob.cl/horarios1.html;
12302;Primavera;punta-arenas;inferida;media;deduccion por provincia;
12303;Timaukel;punta-arenas;inferida;media;deduccion por provincia;
12401;Natales;punta-arenas;explicita;alta;gendarmeria.gob.cl/horarios1.html;
12402;Torres del Paine;punta-arenas;inferida;media;deduccion por provincia;
13101;Santiago;santiago;explicita;alta;gendarmeria.gob.cl/horarios1.html;
13102;Cerrillos;santiago-occidente;explicita;alta;gendarmeria.gob.cl/horarios1.html;
13103;Cerro Navia;santiago-norte;explicita;alta;gendarmeria.gob.cl/horarios1.html;
13104;Conchalí;santiago-norte;explicita;alta;gendarmeria.gob.cl/horarios1.html;
13105;El Bosque;santiago-sur;explicita;alta;gendarmeria.gob.cl/horarios1.html;
13106;Estación Central;santiago;explicita;alta;gendarmeria.gob.cl/horarios1.html;
13107;Huechuraba;santiago-norte;explicita;alta;gendarmeria.gob.cl/horarios1.html;
13108;Independencia;santiago;explicita;alta;gendarmeria.gob.cl/horarios1.html;
13109;La Cisterna;santiago-sur;explicita;alta;gendarmeria.gob.cl/horarios1.html;
13110;La Florida;santiago-oriente;explicita;alta;gendarmeria.gob.cl/horarios1.html;
13111;La Granja;santiago-sur;explicita;alta;gendarmeria.gob.cl/horarios1.html;
13112;La Pintana;santiago-sur-ii;explicita;alta;gendarmeria.gob.cl/horarios1.html;
13113;La Reina;santiago-oriente;explicita;alta;gendarmeria.gob.cl/horarios1.html;
13114;Las Condes;santiago-oriente;explicita;alta;gendarmeria.gob.cl/horarios1.html;
13115;Lo Barnechea;santiago-oriente;explicita;alta;gendarmeria.gob.cl/horarios1.html;
13116;Lo Espejo;santiago-sur;explicita;alta;gendarmeria.gob.cl/horarios1.html;
13117;Lo Prado;santiago;explicita;alta;gendarmeria.gob.cl/horarios1.html;
13118;Macul;santiago-oriente;explicita;alta;gendarmeria.gob.cl/horarios1.html;
13119;Maipú;santiago-occidente;explicita;alta;gendarmeria.gob.cl/horarios1.html;
13120;Ñuñoa;santiago-oriente;explicita;alta;gendarmeria.gob.cl/horarios1.html;
13121;Pedro Aguirre Cerda;santiago-sur;explicita;alta;gendarmeria.gob.cl/horarios1.html;
13122;Peñalolén;santiago-oriente;explicita;alta;gendarmeria.gob.cl/horarios1.html;
13123;Providencia;santiago-oriente;explicita;alta;gendarmeria.gob.cl/horarios1.html;
13124;Pudahuel;santiago-occidente;explicita;alta;gendarmeria.gob.cl/horarios1.html;
13125;Quilicura;santiago-norte;explicita;alta;gendarmeria.gob.cl/horarios1.html;
13126;Quinta Normal;santiago;explicita;alta;gendarmeria.gob.cl/horarios1.html;
13127;Recoleta;santiago;explicita;alta;gendarmeria.gob.cl/horarios1.html;
13128;Renca;santiago-norte;explicita;alta;gendarmeria.gob.cl/horarios1.html;
13129;San Joaquín;santiago-sur;explicita;alta;gendarmeria.gob.cl/horarios1.html;
13130;San Miguel;santiago-sur;explicita;alta;gendarmeria.gob.cl/horarios1.html;
13131;San Ramón;santiago-sur;explicita;alta;gendarmeria.gob.cl/horarios1.html;
13132;Vitacura;santiago-oriente;explicita;alta;gendarmeria.gob.cl/horarios1.html;
13201;Puente Alto;santiago-sur-ii;explicita;alta;gendarmeria.gob.cl/horarios1.html;
13202;Pirque;santiago-sur-ii;explicita;alta;gendarmeria.gob.cl/horarios1.html;
13203;San José de Maipo;santiago-sur-ii;explicita;alta;gendarmeria.gob.cl/horarios1.html;
13301;Colina;santiago-norte;explicita;alta;gendarmeria.gob.cl/horarios1.html;
13302;Lampa;santiago-norte;explicita;alta;gendarmeria.gob.cl/horarios1.html;
13303;Tiltil;santiago-norte;explicita;alta;gendarmeria.gob.cl/horarios1.html;
13401;San Bernardo;santiago-sur-ii;explicita;alta;gendarmeria.gob.cl/horarios1.html;
13402;Buin;santiago-sur-ii;explicita;alta;gendarmeria.gob.cl/horarios1.html;
13403;Calera de Tango;santiago-sur-ii;explicita;alta;gendarmeria.gob.cl/horarios1.html;
13404;Paine;santiago-sur-ii;explicita;alta;gendarmeria.gob.cl/horarios1.html;
13501;Melipilla;santiago-occidente;explicita;alta;gendarmeria.gob.cl/horarios1.html;
13502;Alhué;santiago-occidente;explicita;alta;gendarmeria.gob.cl/horarios1.html;
13503;Curacaví;santiago-occidente;explicita;alta;gendarmeria.gob.cl/horarios1.html;
13504;María Pinto;santiago-occidente;explicita;alta;gendarmeria.gob.cl/horarios1.html;
13505;San Pedro;santiago-occidente;explicita;alta;gendarmeria.gob.cl/horarios1.html;
13601;Talagante;santiago-occidente;explicita;alta;gendarmeria.gob.cl/horarios1.html;
13602;El Monte;santiago-occidente;explicita;alta;gendarmeria.gob.cl/horarios1.html;
13603;Isla de Maipo;santiago-occidente;explicita;alta;gendarmeria.gob.cl/horarios1.html;
13604;Padre Hurtado;santiago-occidente;explicita;alta;gendarmeria.gob.cl/horarios1.html;
13605;Peñaflor;santiago-occidente;explicita;alta;gendarmeria.gob.cl/horarios1.html;
14101;Valdivia;valdivia;explicita;alta;gendarmeria.gob.cl/horarios1.html;
14102;Corral;valdivia;explicita;alta;gendarmeria.gob.cl/horarios1.html;
14103;Lanco;valdivia;explicita;alta;gendarmeria.gob.cl/horarios1.html;
14104;Los Lagos;valdivia;explicita;alta;gendarmeria.gob.cl/horarios1.html;
14105;Máfil;valdivia;explicita;alta;gendarmeria.gob.cl/horarios1.html;
14106;Mariquina;valdivia;explicita;alta;gendarmeria.gob.cl/horarios1.html;
14107;Paillaco;valdivia;explicita;alta;gendarmeria.gob.cl/horarios1.html;
14108;Panguipulli;villarrica;explicita;alta;gendarmeria.gob.cl/horarios1.html;
14201;La Unión;valdivia;explicita;alta;gendarmeria.gob.cl/horarios1.html;
14202;Futrono;valdivia;explicita;alta;gendarmeria.gob.cl/horarios1.html;
14203;Lago Ranco;valdivia;explicita;alta;gendarmeria.gob.cl/horarios1.html;
14204;Río Bueno;valdivia;explicita;alta;gendarmeria.gob.cl/horarios1.html;
15101;Arica;arica;explicita;alta;gendarmeria.gob.cl/horarios1.html;
15102;Camarones;arica;explicita;alta;gendarmeria.gob.cl/horarios1.html;
15201;Putre;arica;explicita;alta;gendarmeria.gob.cl/horarios1.html;
15202;General Lagos;arica;explicita;alta;gendarmeria.gob.cl/horarios1.html;
16101;Chillán;chillan;explicita;alta;gendarmeria.gob.cl/horarios1.html;
16102;Chillán Viejo;chillan;explicita;alta;gendarmeria.gob.cl/horarios1.html;
16103;Quillón;chillan;explicita;alta;gendarmeria.gob.cl/horarios1.html;
16104;Bulnes;chillan;explicita;alta;gendarmeria.gob.cl/horarios1.html;
16105;San Ignacio;chillan;explicita;alta;gendarmeria.gob.cl/horarios1.html;
16106;El Carmen;chillan;explicita;alta;gendarmeria.gob.cl/horarios1.html;
16107;Pinto;chillan;explicita;alta;gendarmeria.gob.cl/horarios1.html;
16108;Pemuco;chillan;explicita;alta;gendarmeria.gob.cl/horarios1.html;
16109;Yungay;chillan;explicita;alta;gendarmeria.gob.cl/horarios1.html;
16201;Quirihue;chillan;explicita;alta;gendarmeria.gob.cl/horarios1.html;
16202;Cobquecura;chillan;explicita;alta;gendarmeria.gob.cl/horarios1.html;
16203;Ranquil;chillan;explicita;alta;gendarmeria.gob.cl/horarios1.html;
16204;Treguaco;chillan;explicita;alta;gendarmeria.gob.cl/horarios1.html;
16205;Coelemu;chillan;explicita;alta;gendarmeria.gob.cl/horarios1.html;
16206;Portezuelo;chillan;explicita;alta;gendarmeria.gob.cl/horarios1.html;
16207;Ninhue;chillan;inferida;media;deduccion por provincia;
16301;San Carlos;chillan;explicita;alta;gendarmeria.gob.cl/horarios1.html;
16302;Ñiquén;chillan;explicita;alta;gendarmeria.gob.cl/horarios1.html;
16303;Coihueco;chillan;explicita;alta;gendarmeria.gob.cl/horarios1.html;
16304;San Fabián;chillan;explicita;alta;gendarmeria.gob.cl/horarios1.html;
16305;San Nicolás;chillan;explicita;alta;gendarmeria.gob.cl/horarios1.html;
